insert into users (user_id,first_name,last_name,user_name,email,password_hash,age,studies_level,is_main_profession,main_profession) values ('1','jim','parsons','jim123','jim@smth.com','passhash1','19','uni','1','prof1');
insert into users (user_id,first_name,last_name,user_name,email,password_hash,age,studies_level,is_main_profession,main_profession) values ('2','peet','parsons','peet123','peet@smth.com','passhash2','29','uni','1','prof2');
insert into users (user_id,first_name,last_name,user_name,email,password_hash,age,studies_level,is_main_profession,main_profession) values ('3','one','someone','one123','one@smth.com','passhash3','32','school','0','prof3');
insert into permissions (permission_name) values ('permission 1');
insert into permissions (permission_name) values ('permission 2');
insert into permissions (permission_name) values ('permission 3');
insert into business_plans (bpID,business_plan_name) values ('1','business plan 1');
insert into business_plans (bpID,business_plan_name) values ('2','business plan 2');
insert into business_plans (bpID,business_plan_name) values ('3','business plan 3');
insert into business (business_id,Users_user_id,business_plans_bpID,business_name,is_new_business,year_of_creation,staff_number,subject) values ('1','1','1','business1','1','2018','513','exports');
insert into business (business_id,Users_user_id,business_plans_bpID,business_name,is_new_business,year_of_creation,staff_number,subject) values ('2','2','2','business2','0','1975','32','imports');
insert into business (business_id,Users_user_id,business_plans_bpID,business_name,is_new_business,year_of_creation,staff_number,subject) values ('3','3','3','business3','1','2017','2','tech');
insert into businessplan_has_permissions (Permissions_permission_id,business_plans_bpID) values ('1','1');
insert into businessplan_has_permissions (Permissions_permission_id,business_plans_bpID) values ('2','2');
insert into businessplan_has_permissions (Permissions_permission_id,business_plans_bpID) values ('3','3');
insert into faculties (facultyID,business_plans_bpID,address,usage_2,ownership_type,start_date,m2) values ('1','1','address 1','some usage 1','type 1','1012018','43214');
insert into faculties (facultyID,business_plans_bpID,address,usage_2,ownership_type,start_date,m2) values ('2','1','address 2','some usage 2','type 2','1112018','3424');
insert into faculties (facultyID,business_plans_bpID,address,usage_2,ownership_type,start_date,m2) values ('3','2','address 3','some usage 3','type 3','2112018','321332');
insert into team_employees (employeeID,business_plans_bpID,job) values ('1','1','job 1');
insert into team_employees (employeeID,business_plans_bpID,job) values ('2','1','job 2');
insert into team_employees (employeeID,business_plans_bpID,job) values ('3','2','job 3');
insert into team_employees (employeeID,business_plans_bpID,job) values ('4','3','job 4');
insert into team_employees (employeeID,business_plans_bpID,job) values ('5','3','job 5');
insert into team_employees (employeeID,business_plans_bpID,job) values ('6','1','job 6');
insert into conclusion (business_plans_bpID,text) values ('1','conclusion 1');
insert into conclusion (business_plans_bpID,text) values ('2','conclusion 2');
insert into products (business_plans_bpID,productType,name,directed_to,innovation_factor,technology,license,competition,price,description,copyright,productCost,numProduct,percentageIncome) values ('1','0','service 1','dir1','fac1','tec1','lic1','comp1','321','desc1','cpr1','44','1','50');
insert into products (business_plans_bpID,productType,name,directed_to,innovation_factor,technology,license,competition,price,description,copyright,productCost,numProduct,percentageIncome) values ('2','0','service 2','dir2','fac2','tec2','lic2','comp2','3121','desc2','cpr2','144','2','40');
insert into products (business_plans_bpID,productType,name,directed_to,innovation_factor,technology,license,competition,price,description,copyright,productCost,numProduct,percentageIncome) values ('2','1','product 1','dir3','fac3','tec3','lic3','comp3','3213','desc3','cpr3','434','3','10');
insert into deadspots (Products_productID,business_plans_bpID,deadSpot) values ('1','1','dead1');
insert into deadspots (Products_productID,business_plans_bpID,deadSpot) values ('2','2','dead2');
insert into team_managers (business_plans_bpID,name,surname,job,linkedIn) values ('1','manager 1','manager surname 1','job 1','linked 1');
insert into team_managers (business_plans_bpID,name,surname,job,linkedIn) values ('2','manager 2','manager surname 2','job 2','linked 2');
insert into team_managers (business_plans_bpID,name,surname,job,linkedIn) values ('3','manager 3','manager surname 3','job 3','linked 3');
insert into team_partners (business_plans_bpID,name,surName,expertise,linkedIn,date_from,date_until,duties) values ('1','partner 1','partner surname 1','expertise 1','linked 1','1012018','1112018','duty 1');
insert into team_partners (business_plans_bpID,name,surName,expertise,linkedIn,date_from,date_until,duties) values ('2','partner 2','partner surname 2','expertise 2','linked 2','222018','322018','duty 2');
insert into team_partners (business_plans_bpID,name,surName,expertise,linkedIn,date_from,date_until,duties) values ('3','partner 3','partner surname 3','expertise 3','linked 3','112018','1142018','duty 3');
insert into employeessalary (team_employees_employeeID,salary,bonus,employment_type) values ('1','4321','322','employ type 1');
insert into employeessalary (team_employees_employeeID,salary,bonus,employment_type) values ('2','323231','32232','employ type 2');
insert into employeessalary (team_employees_employeeID,salary,bonus,employment_type) values ('3','3213213','11111','employ type 3');
insert into employeessalary (team_employees_employeeID,salary,bonus,employment_type) values ('4','2312','321','employ type 4');
insert into employeessalary (team_employees_employeeID,salary,bonus,employment_type) values ('5','514','234','employ type 5');
insert into employeessalary (team_employees_employeeID,salary,bonus,employment_type) values ('6','3231','43','employ type 6');
insert into equipment (business_plans_bpID,equipType,address,division,firsthand,acquisition_date) values ('1','equipment type 1','address 1','div 1','1','1051967');
insert into equipment (business_plans_bpID,equipType,address,division,firsthand,acquisition_date) values ('2','equipment type 2','address 2','div 2','1','2112010');
insert into equipment (business_plans_bpID,equipType,address,division,firsthand,acquisition_date) values ('3','equipment type 3','address 3','div 3','0','1352015');
insert into equipment_cost (Equipment_equipmentID,equipCost) values ('1','321321');
insert into equipment_cost (Equipment_equipmentID,equipCost) values ('2','123456');
insert into equipment_cost (Equipment_equipmentID,equipCost) values ('3','3321');
insert into faculties_cost (Faculties_facultyID,facCost) values ('1','55252');
insert into faculties_cost (Faculties_facultyID,facCost) values ('2','321354');
insert into faculties_cost (Faculties_facultyID,facCost) values ('3','654321');
insert into identity (business_plans_bpID,name,date,legalForm,orderOfBusiness) values ('1','identity 1','3112082','legal form 1','order of business 1');
insert into identity (business_plans_bpID,name,date,legalForm,orderOfBusiness) values ('2','identity 2','312012','legal form 2','order of business 2');
insert into identity (business_plans_bpID,name,date,legalForm,orderOfBusiness) values ('3','identity 3','112016','legal form 3','order of business 3');
insert into identity_clients (identity_identityID,name) values ('1','client 1');
insert into identity_clients (identity_identityID,name) values ('2','client 3');
insert into identity_clients (identity_identityID,name) values ('3','client 2');
insert into identity_descriptions (identity_identityID,description_text) values ('1','description 1');
insert into identity_descriptions (identity_identityID,description_text) values ('2','description 2');
insert into identity_descriptions (identity_identityID,description_text) values ('3','description 3');
insert into links (business_plans_bpID,URL,title,section) values ('1','url 1','title 1','section 1');
insert into links (business_plans_bpID,URL,title,section) values ('1','url 4','title 4','section 4');
insert into links (business_plans_bpID,URL,title,section) values ('2','url 2','title 2','section 2');
insert into links (business_plans_bpID,URL,title,section) values ('3','url 3','title 3','section 3');
insert into market_analysis_notes (business_plans_bpID,text) values ('1','note 1');
insert into market_analysis_notes (business_plans_bpID,text) values ('2','note 2');
insert into marketing (business_plans_bpID,title,implementation,frequency,implementationCost,totalCost) values ('1','marketing action 1','43214','32','12351','904358');
insert into marketing (business_plans_bpID,title,implementation,frequency,implementationCost,totalCost) values ('2','marketing action 2','41234','321','1432598','9311358');
insert into marketing (business_plans_bpID,title,implementation,frequency,implementationCost,totalCost) values ('3','marketing action 3','49530','132','13124','93458');
insert into pestel (business_plans_bpID,factorID,description,example) values ('1','1','pestel 1','example 1');
insert into pestel (business_plans_bpID,factorID,description,example) values ('1','2','pestel 2','example 2');
insert into pestel (business_plans_bpID,factorID,description,example) values ('1','3','pestel 3','example 3');
insert into roles (role_name) values ('role 1');
insert into roles (role_name) values ('role 2');
insert into roles (role_name) values ('role 3');
insert into roles (role_name) values ('role 4');
insert into rolepermissions (Roles_role_id,Permissions_permission_id) values ('1','1');
insert into rolepermissions (Roles_role_id,Permissions_permission_id) values ('2','1');
insert into rolepermissions (Roles_role_id,Permissions_permission_id) values ('3','2');
insert into rolepermissions (Roles_role_id,Permissions_permission_id) values ('4','3');
insert into start_actions (business_plans_bpID,name,actionCost) values ('1','action 1','3218');
insert into start_actions (business_plans_bpID,name,actionCost) values ('1','action 2','218');
insert into start_actions (business_plans_bpID,name,actionCost) values ('2','action 3','3215');
insert into start_actions (business_plans_bpID,name,actionCost) values ('2','action 4','54438');
insert into start_actions (business_plans_bpID,name,actionCost) values ('3','action 5','324');
insert into start_functions (business_plans_bpID,name,functionCost) values ('1','start function 1','59592');
insert into start_functions (business_plans_bpID,name,functionCost) values ('3','start function 2','292');
insert into start_functions (business_plans_bpID,name,functionCost) values ('2','start function 3','59');
insert into strategy (business_plans_bpID,promotion,contribution,marketEntry,publicRelations,avoid) values ('1','promo 1','contribution 1','entry 1','relation 1','avoidance 1');
insert into strategy (business_plans_bpID,promotion,contribution,marketEntry,publicRelations,avoid) values ('2','promo 2','contribution 2','entry 2','relation 2','avoidance 2');
insert into strategy (business_plans_bpID,promotion,contribution,marketEntry,publicRelations,avoid) values ('3','promo 3','contribution 3','entry 3','relation 3','avoidance 3');
insert into userroles (Users_user_id,Roles_role_id) values ('1','2');
insert into userroles (Users_user_id,Roles_role_id) values ('2','4');
insert into userroles (Users_user_id,Roles_role_id) values ('3','3');
insert into swot (business_plans_bpID,swotType,text) values ('1','1','strong 1');
insert into swot (business_plans_bpID,swotType,text) values ('1','1','strong 2');
insert into swot (business_plans_bpID,swotType,text) values ('1','1','strong 3');
insert into swot (business_plans_bpID,swotType,text) values ('1','2','weak 1');
insert into swot (business_plans_bpID,swotType,text) values ('1','2','weak 2');
insert into swot (business_plans_bpID,swotType,text) values ('1','2','weak 3');
insert into swot (business_plans_bpID,swotType,text) values ('1','3','opportunity 1');
insert into swot (business_plans_bpID,swotType,text) values ('1','3','opportunity 2');
insert into swot (business_plans_bpID,swotType,text) values ('1','3','opportunity 3');
insert into swot (business_plans_bpID,swotType,text) values ('1','4','threat 1');
insert into swot (business_plans_bpID,swotType,text) values ('1','4','threat 2');
insert into swot (business_plans_bpID,swotType,text) values ('1','4','threat 3');
insert into swot (business_plans_bpID,swotType,text) values ('2','1','strong 1');
insert into swot (business_plans_bpID,swotType,text) values ('2','1','strong 2');
insert into swot (business_plans_bpID,swotType,text) values ('2','2','weak 4');
insert into swot (business_plans_bpID,swotType,text) values ('2','4','threat 4');
insert into swot (business_plans_bpID,swotType,text) values ('3','4','weak 5');
insert into swot (business_plans_bpID,swotType,text) values ('3','4','weak 6');
insert into swot (business_plans_bpID,swotType,text) values ('3','4','opportunity 4');
insert into swot (business_plans_bpID,swotType,text) values ('3','4','opportunity 5');
insert into swot (business_plans_bpID,swotType,text) values ('3','4','threat 6');
